comment_id,subreddit,author,score,entity,normalized_id,category,intent,sentiment,context
0f357eff-474d-4b0b-8508-e82446dec6f3,tolkienfans,yellow_parenti,1,hopeless,Grimdark,AESTHETIC,OPINION,0.0,"Basing your opinion of a prolific author on one short story, while also not understanding said short story üò≠ you might just be hopeless, man"
3cd8bebb-5f2f-4734-a592-f78219ced6bf,tolkienfans,ImSoLawst,1,wrath,world-of-warcraft-wrath-of-the-lich-king,GAME,OPINION,0.1,"Once the children of Finwe are put on stage, it becomes a lot easier to explain how events naturally lead from one to another until we get to the war of wrath. 

"
2ccd116a-9a18-44e5-a539-191fd4712fbb,tolkienfans,ChChChillian,1,hidden,Stealth,MECHANIC,NOSTALGIA,0.023809523809523808,"It wasn't until he remembered Saruman's words about hidden marks on the One, and then found the description of them recorded by Isildur in the archives of Minas Tirith, that he realized he had a way to identify it for certain."
2c9a4f49-5b68-4bee-ba9b-11b9dfcd3a77,tolkienfans,Ornery-Ticket834,1,Wrath,world-of-warcraft-wrath-of-the-lich-king,GAME,OPINION,0.0,"That‚Äôs where the story of the reasons for the War of Wrath and its characters were introduced to the reader. 

"
2c9a4f49-5b68-4bee-ba9b-11b9dfcd3a77,tolkienfans,Ornery-Ticket834,1,wrath,world-of-warcraft-wrath-of-the-lich-king,GAME,OPINION,0.1375,"Regarding the War of wrath, the complete lack of any mention of the Valar participating in it, along with pretty express description of the army of the Valar, the Vanyar, some, Noldor, the Teleri with their ships not stepping on land and Eonwe leading the army leads a reasonable person to believing that the Valar were simply not there."
91c8d01c-d389-481c-9fbd-e346c8e97584,tolkienfans,-IamO-,1,LOTRO,the-lord-of-the-rings-online-shadows-of-angmar,GAME,OPINION,0.7,If you have a good pc I suggest checking out LOTRO.
62b32764-fefa-494e-8482-89ff6ea370af,tolkienfans,NEBanshee,1,Mirkwood,the-lord-of-the-rings-online-siege-of-mirkwood,GAME,OPINION,-0.3125,"Other people who see him think he's maybe some sort of Mirkwood squirrel or even a weird, mutant Orc-thing.   
  
"
ad871546-bdfc-47f9-9410-67d935759b94,tolkienfans,Melenduwir,1,hidden,Stealth,MECHANIC,OPINION,0.03968253968253968,"Allegory is when a story is hidden within text but can be revealed with the right key; as an encrypted message is code but can be returned to plaintext.

"
ad871546-bdfc-47f9-9410-67d935759b94,tolkienfans,Melenduwir,1,hidden,Stealth,MECHANIC,OPINION,0.19166666666666665,"*Animal Farm* doesn't -- you might suspect that there's a distinct other story hidden by the presented one, but if you lacked knowledge of the rise of the Soviet Union the novel is a sufficient story on its own terms to pass as something merely full of relevancy.

"
18035a14-e70a-4d37-940e-56d4a1c9e286,tolkienfans,AltarielDax,1,historical,Low Fantasy,AESTHETIC,OPINION,0.125,In historical fact I put him in because I had already 'invented' him independently (he first appeared in the Oxford Magazine) and wanted an 'adventure' on the way.
4332e2af-e0d4-45ac-af37-4ffc81880c28,tolkienfans,rainbowrobin,1,childhood,Nostalgic,AESTHETIC,NOSTALGIA,0.5,"Prior to those marvelous inventions, childhood mortality rates before the fifth birthday were 40%.

"
4332e2af-e0d4-45ac-af37-4ffc81880c28,tolkienfans,rainbowrobin,1,magical,High Fantasy,AESTHETIC,OPINION,0.1,His stories are set in a quasi-magical world where the infant mortality rate was far closer to zero.  
adf26963-7bc6-4ed8-a4c5-06342c9bb189,tolkienfans,grchelp2018,1,Wrath,world-of-warcraft-wrath-of-the-lich-king,GAME,OPINION,-0.1,"As for the War of Wrath, those elves really were OP as fuck."
e13461b7-e71e-4f85-ae36-fb68b387465f,tolkienfans,FlowerFaerie13,1,Moria,the-lord-of-the-rings-online-mines-of-moria,GAME,OPINION,0.25595238095238093,"The particular ‚Äòdesire‚Äô of the Eregion Elves ‚Äì an ‚Äòallegory‚Äô if you like of a love of machinery, and technical devices ‚Äì is also symbolised by their special friendship with the Dwarves of Moria.

"
c9e21d7c-ccd3-44d4-9dbb-3eb36fdac35f,tolkienfans,Tolkien-Faithful,1,hidden,Stealth,MECHANIC,OPINION,0.14166666666666666,It's not a hidden meaning with a real world counterpart.
c3b8e6dd-4e0a-4e28-a6aa-27acf871300c,tolkienfans,AltarielDax,1,exploration,Open World,MECHANIC,OPINION,-0.041666666666666664,"But the exploration of other time and space through dreams obviously had caught his interest, and so there are several characters in *"
bade9c28-337b-4bbe-b66b-770ea64dbc98,lotro,Fangsong_37,1,Rohan,the-lord-of-the-rings-online-riders-of-rohan,GAME,OPINION,0.39999999999999997,"I don't dislike Rohan, but I loved the early areas."
bade9c28-337b-4bbe-b66b-770ea64dbc98,lotro,Fangsong_37,1,Moria,the-lord-of-the-rings-online-mines-of-moria,GAME,OPINION,0.0,"I have a dwarf guardian cleaving his way through Moria, a woman captain and elf runekeeper in Angmar, and a hobbit minstrel who just finished the North Downs."
e476a1c9-3da5-4480-89fe-6f367b347f19,lotr,GammaDeltaTheta,1,historical,Low Fantasy,AESTHETIC,OPINION,0.08333333333333333,"The Appendices are at the end of LOTR and are written like historical records, which give you an outline of the back story and chronology and even go into things like writing systems and calendars if you are interested.

"
17ad8ba4-5828-40fd-934f-74a309ec9f2b,lotro,Gratefulzah,1,Lotro,the-lord-of-the-rings-online,GAME,OPINION,1.0,Its one of the things that makes Lotro the best MMO for me.
d883f4d9-87b3-461e-9b78-5f36dc6ecf6e,lotro,kembik,1,https://www.lotro.com/news/lotro-discord-now-open-en,the-lord-of-the-rings-online-shadows-of-angmar,GAME,OPINION,0.0,https://www.lotro.com/news/lotro-discord-now-open-en
214ee22e-84f6-4cee-900f-79df6231dc54,gaming,Preform_Perform,1,glitch,Bugs,TECH,PAIN_POINT,0.1142857142857143,"Not technically a game but like a mod fangame, but Sonic Megamix had a funny glitch where, on a level with an underwater goal, if you drowned and died the same time the next level was to load, funny shenanigans would ensue."
f5209218-9cd8-454f-88d1-1a9ead5df9b2,Rings_Of_Power,Elvinkin66,1,Lotro,the-lord-of-the-rings-online,GAME,OPINION,0.02187499999999999,I mean games wise at least we have the One Ring Rpg and several Lotro updates
034bdcce-c331-4889-862f-7aae7a1c33b4,tolkienfans,scumerage,1,magical,High Fantasy,AESTHETIC,OPINION,0.09999999999999999,"In the same way a myth would undermine the beauty of some magical garden, where a god killed his son and graped his daughter to produce ogre warriors."
6d03885c-9382-4d25-911d-998fbf14a71a,lotr,AltarielDax,1,wrath,world-of-warcraft-wrath-of-the-lich-king,GAME,OPINION,-0.3333333333333333,"They used their rings only for the getting of wealth; but wrath and an overmastering greed of gold were kindled in their hearts, of which evil enough after came to the profit of Sauron.‚Äù"
279a29ac-8e01-4d3b-82d8-76a5aaf6a2e9,gaming,Bubster101,1,Skyrim,the-elder-scrolls-v-skyrim,GAME,OPINION,0.15833333333333335,"Then shortly after getting an Xbox 360, I played games like Borderlands 2, Assassins Creed Black Flag, Batman: Arkham City, and Skyrim that basically told me I knew nothing about how big RPGs could get lol"
83ffcef0-788c-4d83-bbe0-f9af37f67604,gaming,EnlargedChonk,1,playstation,Console,TECH,PAIN_POINT,0.06666666666666665,"The people that play madden/NBA or whatever when they aren't watching their favorite team(s) play, the people that bought animal crossing in droves during covid, the kid that grew up inspired by spiderman is playing as spiderman now that they have the money for a playstation, the shared family switch that gets used to play mario kart and mario party, pokemon, etc... When they hear the word ""gamer"" they think the sweaty CoD/Halo players with mtn dew, flashy RGB computers, and ""nah that's not me, I just play these few games on the weekends or with da bois""

none of those people would care about half life 3, but a good chunk of them will know GTA is."
3199f3a8-8f93-4fee-845f-a6a9f165d026,gaming,Honeycove91,1,hidden,Stealth,MECHANIC,OPINION,-0.18749999999999997,"E33 was solid but to pretend no other games are competing with it for GotY is beyond sad   
  
(and Ope, I see they're not even a serious person and have all of their comments and posts hidden."
ad5525ff-17d5-42b9-8152-62828e9eeca3,gaming,dododomo,1,turn based,Turn-based,MECHANIC,OPINION,1.0,"The Studio like experimenting (that's why we have games like Survive), but considering how the story games are their best selling ones, they won't stop making turn based games."
8f24cd27-3b8c-4a96-97e2-734479b35567,gaming,Vyar,1,PC,PC,TECH,OPINION,0.29805194805194807,"Considering my current hardware runs Legendary Edition beautifully with a ton of mods installed, it‚Äôs gonna suck when the new game finally arrives and my PC can‚Äôt run it, because my 3090 and 13th-gen CPU will be fossils by then, and I won‚Äôt be able to afford an upgrade."
2babc12d-f8eb-4f5b-9a01-09819da31f43,gaming,Ixisoupsixi,1,steam,PC,TECH,OPINION,0.0,Save me some time: is it steam deck optimized?
2babc12d-f8eb-4f5b-9a01-09819da31f43,gaming,Ixisoupsixi,1,optimized,Optimization,TECH,OPINION,0.0,Save me some time: is it steam deck optimized?
fd119e73-211e-4e7d-a422-00dc9ed64112,gaming,emelrad12,1,performance,Optimization,TECH,OPINION,-0.03541666666666665,"Java can run on other platforms as long as you don't do any code generation at runtime, so in theory the game can easily be made to run, but the performance might not be sufficient."
ef6e0747-a7a2-4a79-b55e-873fef9d248d,gaming,Arturo-oc,1,Steam Deck,Steam Deck,TECH,OPINION,0.0,"Well, to be frank, Valve has released the Valve Index and the Steam Deck without any games before.


"
e3f590ad-f0ce-4394-a866-f0d74e860764,gaming,Maiyku,1,Skyrim,the-elder-scrolls-v-skyrim,GAME,OPINION,-0.15,"If I was to compare our lists, we‚Äôd have only 1 in common; Skyrim."
164119e2-3b69-4a28-949d-eeb076d47c2b,gaming,ZaDu25,1,steam,PC,TECH,OPINION,0.0,Can we stop caring about steam charts entirely?
5b983b6d-9110-43f6-9eeb-3ca9ade5040a,gaming,Megamoss,1,realistic,Low Fantasy,AESTHETIC,OPINION,0.08333333333333333,It wasn't at all technical or realistic.  
1ba8cd6e-17c3-43c5-925c-784c8c74a7c4,gaming,puzzleheadbutbig,1,gritty,Grimdark,AESTHETIC,OPINION,-0.2,"Finally, a game that understands the gritty, dark-fantasy craving people have."
1ba8cd6e-17c3-43c5-925c-784c8c74a7c4,gaming,puzzleheadbutbig,1,UE5,Photorealistic,AESTHETIC,WISHLIST,-0.03125,I hope they won't shit the bed on optimization like many other UE5 games have lately.
6ab36f02-99fd-4746-a1b6-7f10ed0bdf87,gaming,Interesting-Type-908,1,abilities,Skill Tree,MECHANIC,OPINION,0.4642857142857143,"The original FF6 (SNES) is my favorite, great story, a bunch of characters with their own unique abilities, and more adult themes.

"
8829c6d3-f03f-419f-ae2d-bcef833cb560,gaming,PajamaDuelist,1,glitch,Bugs,TECH,PAIN_POINT,-0.13499999999999998,"GunZ. 

Literally the entire game was held up by a glitch in the physics system that enabled wonky, high skill ceiling gameplay."
642079a0-a155-43f5-a867-65edd9f8dc42,gaming,Solesaver,1,broken,Bugs,TECH,PAIN_POINT,-0.2,"This is really broken logic, because the budgetary realities of game development don't suddenly change when you're no longer ""indie""."
7ebdc249-8d3c-4340-a8d5-dea15953fb89,gaming,Clbull,1,PC,PC,TECH,OPINION,-0.125,"Alyx was unveiled weeks after the Index was revealed, and so it makes sense to release HL3 as a PC &amp; SteamOS exclusive when the Steam Machine is due to come out."
a282f685-9ef5-4f52-81e7-ada957c83aa4,gaming,EightGlow,1,crash,Bugs,TECH,WISHLIST,-0.4,I wish I could play it without my game stutter crashing with no crash reports.
867fd424-8a73-4ace-a866-164c30d4e54c,gaming,Kagevjijon,1,Generic,Generic,AESTHETIC,OPINION,0.0,Lego has done a lot for gaming and one of the heads could easily be a Generic Lego face.
60c7ff61-8ae1-436a-aa18-fa86c47f1461,gaming,PogTuber,1,mouse and keyboard,PC,TECH,OPINION,-0.1,"I think with mouse and keyboard I could fire rockets out of my ass without needing the helicopter to turn around, which turns the game into a twin stick shooter where the helicopter could be anything and didn't really feel like a helicopter. 

"
719e5e1c-3eef-4e55-ad7c-efc23d5cfc19,gaming,CrimsonGear80,1,PC,PC,TECH,OPINION,0.04999999999999999,"I don't care about PC

and yes, I know the game will run better on a PS5 than on Switch..."
217f0e11-5a6d-4b1e-b478-f62bb5603ca9,gaming,HaMMeReD,1,steam,PC,TECH,OPINION,-0.125,"There is a requirement that if you use steam, you can't have cheaper prices on other storefronts.

"
8781089a-06d8-4323-bddb-bb4be0063b6d,gaming,Omnizoom,1,performance,Optimization,TECH,HYPE,0.03941326530612244,"but they usually talk about it being genuinely one of the better borderlands games meanwhile another camp exists saying it‚Äôs the shittiest most shit experience ever and gearbox fails as a developer, so it‚Äôs become very hard now to look at early reviews of games and what the community is saying and to actually take it seriously, I played Bananza day one and had 0 performance issues, everyone I know who played has had 0 performance issues yet on YouTube I seen like a dozen trending creators shitting in its performance, Pokemon ZA is an even better example of this as you have lots of people genuinely passing on the game because they hear a large toxic group saying it‚Äôs a steaming pile of garbage that runs at 10 fps"
8781089a-06d8-4323-bddb-bb4be0063b6d,gaming,Omnizoom,1,performance,Optimization,TECH,HYPE,0.03941326530612244,"but they usually talk about it being genuinely one of the better borderlands games meanwhile another camp exists saying it‚Äôs the shittiest most shit experience ever and gearbox fails as a developer, so it‚Äôs become very hard now to look at early reviews of games and what the community is saying and to actually take it seriously, I played Bananza day one and had 0 performance issues, everyone I know who played has had 0 performance issues yet on YouTube I seen like a dozen trending creators shitting in its performance, Pokemon ZA is an even better example of this as you have lots of people genuinely passing on the game because they hear a large toxic group saying it‚Äôs a steaming pile of garbage that runs at 10 fps"
8781089a-06d8-4323-bddb-bb4be0063b6d,gaming,Omnizoom,1,performance,Optimization,TECH,HYPE,0.03941326530612244,"but they usually talk about it being genuinely one of the better borderlands games meanwhile another camp exists saying it‚Äôs the shittiest most shit experience ever and gearbox fails as a developer, so it‚Äôs become very hard now to look at early reviews of games and what the community is saying and to actually take it seriously, I played Bananza day one and had 0 performance issues, everyone I know who played has had 0 performance issues yet on YouTube I seen like a dozen trending creators shitting in its performance, Pokemon ZA is an even better example of this as you have lots of people genuinely passing on the game because they hear a large toxic group saying it‚Äôs a steaming pile of garbage that runs at 10 fps"
859d3f3c-d913-41cb-93dd-d31adc6f0cba,gaming,binaryfireball,1,steam,PC,TECH,OPINION,0.31666666666666665,There are lots of games that are successful outside of steam besides if society wants a hub for buying games well you're gonna get one and there should be no surprise that whoever runs it will take a cut.
9f413c43-5364-4188-b87f-f9eb965b5643,gaming,FlyingRhenquest,1,Skyrim,the-elder-scrolls-v-skyrim,GAME,OPINION,-0.08333333333333333,"Morrowind was a bit over half the size of the Skyrim map, but Morrowind felt bigger."
9f413c43-5364-4188-b87f-f9eb965b5643,gaming,FlyingRhenquest,1,Skyrim,the-elder-scrolls-v-skyrim,GAME,OPINION,0.7,Although Skyrim DID have a fair bit going on in the world if you could be bothered to walk everywhere.
9ecfbb4f-33c5-417d-b026-e39dae2df9ad,gaming,FlyingRhenquest,1,alchemy,Crafting,MECHANIC,OPINION,-0.01666666666666668,"Despite the library being public I still made bank selling recall runes, full spellbooks and a variety of alchemy potions in the game.


"
68327296-c1e4-4195-9241-6a68f9129b66,gaming,Many-Waters,1,childhood,Nostalgic,AESTHETIC,NOSTALGIA,0.06190476190476187,Digimon Time Stranger got me right in the childhood nostalgia and I had a fun romp through that game.
513a6d71-e2e3-4f13-a08e-e272e64ac785,gaming,NotoriousCHIM,1,Skyrim,the-elder-scrolls-v-skyrim,GAME,OPINION,0.0,It legitimately got me to reinstall Skyrim just to listen to the music while wandering around in-game.
ca0e35eb-2bc5-4a8c-84a9-f338e038152b,gaming,imperfect_imp,1,Skyrim,the-elder-scrolls-v-skyrim,GAME,OPINION,0.0,This was me in Skyrim.
81c8d1dc-5495-43f9-b38b-4cdef27a44db,gaming,ZaDu25,1,PC,PC,TECH,OPINION,-0.4,"This forces game publishers to publish on Steam if they want to sell games on PC, otherwise their sales will tank."
92e9cf7a-b599-4278-afaf-62d49a135a94,gaming,skaliton,1,steam,PC,TECH,NOSTALGIA,-0.13749999999999998,"Sorry steam, [https://store.steampowered.com/app/557750/Giants\_Citizen\_Kabuto/](https://store.steampowered.com/app/557750/Giants_Citizen_Kabuto/) is not worth $20, I love the game and remember it fondly from when I played it over 20 years ago and again a few years ago but 100% of sales for this game are going to come from people willing to throw a few dollars at it  to play through the campaign for nostalgia sake"
7c5d02e8-3a44-4c97-b58d-039c3b58abe4,gaming,Intelligent_Flan_178,1,sandbox,Open World,MECHANIC,PAIN_POINT,-0.1857142857142857,"Also, if you got the game for the story and don't care for the survival cause the lack of objective makes it boring, then you've been waiting for almost a decade to get the end of said story and most of the free content they have released for the game was also for the sandbox survival part of the game and not the story part. 

"
71fe8357-a08d-465f-8624-aed1b375b5cf,gaming,Inuakurei,1,steam,PC,TECH,OPINION,0.0,"Y‚Äôall are worried about Ai images and Ai music, wait until the horror of vibe coded games hits steam."
71fe8357-a08d-465f-8624-aed1b375b5cf,gaming,Inuakurei,1,steam,PC,TECH,OPINION,0.4,You thought steam was filled with shovelware before?
d67ccabc-cb53-45d7-954b-7185d5d36352,gaming,drewbles82,1,xbox,Console,TECH,HYPE,0.09545454545454546,"this is exactly why I can't wait for the new xbox console rumored to have Steam, no longer having to wait months or even years for some games...I know I could just use my PC but no thanks."
d67ccabc-cb53-45d7-954b-7185d5d36352,gaming,drewbles82,1,PC,PC,TECH,HYPE,0.09545454545454546,"this is exactly why I can't wait for the new xbox console rumored to have Steam, no longer having to wait months or even years for some games...I know I could just use my PC but no thanks."
d3a69135-dc8e-4507-b924-bbc6eb950c5a,gaming,Intelligent_Flan_178,1,sandbox,Open World,MECHANIC,OPINION,-0.012247474747474752,"But on the long dark's side, the main DLC (tales of the far territories) they do add new regions to the game and end game objectives for the sandbox survival mode, so it is pretty ""important content"" imo, just as much as a faction or a lord can be in a total war game."
ebcd11db-a687-497c-8f4f-81bbd5491b0c,gaming,NonEuclidianMeatloaf,1,Steam Deck,Steam Deck,TECH,OPINION,0.0,How is Steam Deck performance since the demo?
ebcd11db-a687-497c-8f4f-81bbd5491b0c,gaming,NonEuclidianMeatloaf,1,performance,Optimization,TECH,OPINION,0.0,How is Steam Deck performance since the demo?
ebcd11db-a687-497c-8f4f-81bbd5491b0c,gaming,NonEuclidianMeatloaf,1,performance,Optimization,TECH,OPINION,0.3666666666666667,This game seems like a perfect fit for the Deck if the performance can be made better/more stable!
6faf712c-213e-4860-8144-644e28fd0a7f,gaming,XILEF310,1,steam,PC,TECH,OPINION,0.0,"steam games?

"
27296f7c-c8c6-4365-855b-e733220cd4b9,gaming,Instantcoffees,1,Skyrim,the-elder-scrolls-v-skyrim,GAME,OPINION,0.2,I played a lot of Skyrim with immersive fast travel mods where every city has a carriage you can take.
e2f0de7f-4a7d-4a02-b4f1-343e9d5cd4f9,gaming,9_to_5_till_i_die,1,turn based,Turn-based,MECHANIC,OPINION,0.005555555555555554,I played BP first as well and went into E33 actively reluctant because turn based RPG's are really not my jam.  
4e07bd02-0d93-40b7-bfe8-f0b3bf9264d0,gaming,Monteze,1,Skyrim,the-elder-scrolls-v-skyrim,GAME,OPINION,0.26666666666666666,"Shit and honestly even as basic as Skyrim is you wouldn't have to make many adjustments to make the whole thing much more immersive. 

"
e141c193-c42e-425e-a8a9-d2ca403401fc,gaming,RigorousMortality,1,crash,Bugs,TECH,OPINION,0.09375,I think this one might have been a bigger budget title and so its crash and burn was way more of a spectacle than the coming and going of other indie titles.
1a5d412c-397f-48a8-a43d-a2747b9e74d6,gaming,Apprehensive_Map64,1,hidden,Stealth,MECHANIC,OPINION,-0.2833333333333333,That game was truly a hidden gem.  
ea032ef9-dda3-4102-83c0-4c5438a055ec,gaming,cjcfman,1,relaxing,Cozy,AESTHETIC,OPINION,-0.2232142857142857,"I just play relaxing games that I can turn my brain off like dumb shooters or sports games¬†


Single player games like a lot of the Playstation games are weekend games where I can put a bunch of time into.¬†"
2289f05d-5ba8-4c0e-8c7b-16688b27839a,gaming,ZaDu25,1,performance,Optimization,TECH,OPINION,-0.049999999999999996,"Arkham trilogy, Dragon Age Inquisition, Kingdom Come Deliverance, RDR2, and Dragon's Dogma Dark Arisen are all games from last gen that haven't received a next gen update to boost performance/resolution."
166f0c93-96d8-430c-8ff8-dd4b93f49c92,gaming,Vergilkilla,1,retro,Nostalgic,AESTHETIC,NOSTALGIA,-0.04999999999999999,Been really enamored with retro games as of late (I had a NES growing up)
f991ea9b-a797-442e-ad7f-586f316e36bb,gaming,Derpykins666,1,retro,Nostalgic,AESTHETIC,OPINION,-0.041666666666666664,"Get off the ""Round 1""s and other modern arcades like D&amp;B and shoot for a retro-cade."
255087d1-3417-4c22-ae6d-6a7c6a8f816f,gaming,thomasjmarlowe,1,retro,Nostalgic,AESTHETIC,OPINION,0.28125,"Loads of retro spots in most major cities. 

"
8aea91b8-ccaa-4ab8-b87c-5b73e398bcd2,gaming,Fantastic-Secret8940,1,ps5,Console,TECH,OPINION,0.0,Rn I have Into the Breach on the switch &amp; sekiro on ps5.
8791f481-cc53-46b4-a324-df81efd80732,gaming,GodzillaUK,1,relaxing,Cozy,AESTHETIC,OPINION,0.8,Stardew is always a relaxing joy time.  
9e1ab616-10da-4bc1-98e9-21fa86b3146a,gaming,LordNelson27,1,Skyrim,the-elder-scrolls-v-skyrim,GAME,OPINION,0.0,Skyrim together.
9e1ab616-10da-4bc1-98e9-21fa86b3146a,gaming,LordNelson27,1,skyrim,the-elder-scrolls-v-skyrim,GAME,OPINION,0.0,Played skyrim with a girlfriend
9e1ab616-10da-4bc1-98e9-21fa86b3146a,gaming,LordNelson27,1,buggy,Bugs,TECH,PAIN_POINT,-0.05000000000000002,"It was buggy, loot was instanced, and I needed to restart the game all the time but it was a ton of fun"
4a6a7a11-d84d-45e2-809d-936d75bd2c8c,gaming,ZaDu25,1,performance,Optimization,TECH,OPINION,0.375,"Bloodborne did not get graphical improvements, higher resolution, or better performance."
6007af4f-e7f6-4b39-80fb-4b81abf90dd5,gaming,Wumaduce,1,retro,Nostalgic,AESTHETIC,OPINION,0.1,"There's an adult arcade that just opened near me, supposedly it's lots of retro games."
8756acd3-3ca0-4241-8001-aeb63a6ece6b,gaming,Fugaciouslee,1,hand drawn,Stylized,AESTHETIC,OPINION,0.4966666666666667,"Beautiful hand drawn graphics, smooth fun gameplay with couch co-op, and a soundtrack worthy of awards on its own."
5fcc2dba-df0b-43e6-8dd8-35aed32da3bc,gaming,BeebleBoxn,1,Subscription,Subscription,MECHANIC,OPINION,-0.2,I had the Lifetime Subscription $280+ and in 6 months it was dead.
ce4ab45f-12fd-4464-a3cf-efcbeaa38311,gaming,GenericFatGuy,1,Wrath,world-of-warcraft-wrath-of-the-lich-king,GAME,OPINION,0.3,Warcraft lore up until end of Wrath is a lot of fun.
39d9da38-914a-4fe3-a24e-6cd0620dd6e5,gaming,Aggrosideburnz,1,buggy,Bugs,TECH,PAIN_POINT,-0.25,"It‚Äôs still buggy, it is still too linear for the type of game I expected it to be."
cb06b54d-8c62-4ced-bdf9-68de8f1bb5b7,gaming,Dernom,1,unplayable,Bugs,TECH,OPINION,-0.1388888888888889,The reliance on Social Club makes the online portion nearly unplayable imo (though clearly not the case for everyone).
c670aaac-adb8-4ebd-8814-14c867ef9557,gaming,LetFiloniCook,1,chill,Cozy,AESTHETIC,OPINION,0.09999999999999998,WoW Legion Remix - kind of my chill weekend mornings game.
c670aaac-adb8-4ebd-8814-14c867ef9557,gaming,LetFiloniCook,1,Wrath,world-of-warcraft-wrath-of-the-lich-king,GAME,OPINION,-0.325,Pathfinder: Wrath of the Righteous. - usually switch to this when im tired of Arc or Legion.
5cf0e5df-bf2e-4fc4-a203-398ca26182f3,gaming,SantaCruznonsurfer,1,childhood,Nostalgic,AESTHETIC,NOSTALGIA,0.2733333333333333,"My old hometown has a ""museum"" of actual games you can go in and play  
[https://www.seemonterey.com/directory/high-scores-interactive-arcade-museum/](https://www.seemonterey.com/directory/high-scores-interactive-arcade-museum/)

I don't know i this makes you feel happy or just older that all the fun things from childhood are now housed in a museum"
55b04c0c-d236-4ad7-9e5f-84b63368428a,gaming,Ebolatastic,1,hand drawn,Stylized,AESTHETIC,OPINION,0.22666666666666666,"I'd have some small teams and focus on simpler, indie-level games (with a focus on hand drawn art and strong music) in order to generate good will for my brand before transitioning into larger, ambitious projects.  "
55b04c0c-d236-4ad7-9e5f-84b63368428a,gaming,Ebolatastic,1,hand drawn,Stylized,AESTHETIC,OPINION,-0.4,"For example, id do a hand drawn 80s style gritty/violent pro wrestling game and use that to pitch to WWE as a proof of concept for a 3d successor."
55b04c0c-d236-4ad7-9e5f-84b63368428a,gaming,Ebolatastic,1,gritty,Grimdark,AESTHETIC,OPINION,-0.4,"For example, id do a hand drawn 80s style gritty/violent pro wrestling game and use that to pitch to WWE as a proof of concept for a 3d successor."
2826aed4-3b5f-49be-8e75-1add80f8e9da,gaming,peacekenneth,1,muddy,Low Fantasy,AESTHETIC,OPINION,0.0,The lvl progression was muddy
6c6a67f9-ff99-47c9-8b48-16996d56e6a3,gaming,ky420,1,steam,PC,TECH,OPINION,-0.3,I just checked on steam and with mostly negative reviews its still 69.99 during the sale.  
62dbe756-3717-452a-a5c9-7da929669b18,gaming,KingAltair2255,1,playstation,Console,TECH,NOSTALGIA,0.2625,"I was a ps3 player mostly, but I always remember being so impressed that you could get little rewards from the games for your avatar, playstation home had something similar but I had no idea until years later."
d2064d6c-8bdc-4809-9af3-688eafa3b7cf,gaming,Derpykins666,1,sneaking,Stealth,MECHANIC,OPINION,-0.15000000000000002,"Cause if so, I just have this sneaking suspicion that people are tired of DLC for these games that are basically yearly released, like it's too much, and the game is losing its identity to trying to become the next Theme Park Crossover IP like Fortnite. 

"
daf05616-13ee-4ca8-a43b-1cf3fa1798ff,gaming,ky420,1,steam,PC,TECH,OPINION,-0.5,I just looked it up unfortunately its still 59.99 on steam scratch that 19.99.
d666fdbe-d0fa-4d46-b255-ecc17d36e1e4,gaming,Unique_Adeptness4413,1,steam,PC,TECH,OPINION,0.0,"I had a similar experience, and then I downloaded an aim trainer on steam."
571a5d6f-ee76-41a4-8dc1-a8a1454574ee,gaming,ddrober2003,1,steam,PC,TECH,OPINION,0.0,"I read guides on army unit make up and formation, then promptly get steam rolled but a nation of equal or even slightly lesser tech."
2cf4c820-df50-4c89-8161-b1463652c541,gaming,BactaBobomb,1,60fps,Framerate,TECH,OPINION,0.0,"For some reason, I thought Odyssey or Origin (one of them) did not get 60fps on PS5.

"
2cf4c820-df50-4c89-8161-b1463652c541,gaming,BactaBobomb,1,60fps,Framerate,TECH,OPINION,0.0,So I don't think it's always as simple as pushing a button to make it 60fps.  
bf6c6f3f-04c4-47f0-938c-0874ddfa811d,gaming,GaryTheRetard,1,exploration,Open World,MECHANIC,OPINION,1.0,"And exploration in Elden ring is one of the best. 

"
a4a56ef6-7fe0-4957-ae5e-80343cf868ee,gaming,Alivethroughempathy,1,turn based,Turn-based,MECHANIC,OPINION,0.0,but it is turn based combat
b77a6991-3502-4e91-bbaa-aab71f4531b6,gaming,Blubasur,1,raids,Endgame,MECHANIC,OPINION,0.55,And the raids were genuinely great fun.
6f463614-ac33-4f85-9c16-1758c38cf57f,gaming,esoteric_enigma,1,turn based,Turn-based,MECHANIC,NOSTALGIA,0.20833333333333334,"I love E33, but it's not really a classic turn based RPG."
6f463614-ac33-4f85-9c16-1758c38cf57f,gaming,esoteric_enigma,1,parrying,Parry,MECHANIC,OPINION,-0.2,It relies heavily on dodging and parrying.
90f5d2ac-dd21-4314-af98-f0aace32d6f6,lotr,thefirstwhistlepig,1,historical,Low Fantasy,AESTHETIC,OPINION,0.2125,"The Silmarillion is more like a series of historical narratives or myths that form a pretty complete arc, but it can be quite dense, depending on your reading style and familiarity. 

"
3102d8bb-db40-4ce9-bdb5-0e3a5d46ff16,gaming,pseudopad,1,gacha,Loot Boxes,MECHANIC,OPINION,-0.4,So gacha mechanics is one of the things you *want* in a game?
90c27f4c-dcdc-4f4c-a221-7b84630e37fd,gaming,Randommaggy,1,steam,PC,TECH,NOSTALGIA,0.24444444444444446,"Now I have a powerful android phone that can easily run 80% of my steam back catalogue and all the games I've dumped from my childhood consoles.

"
90c27f4c-dcdc-4f4c-a221-7b84630e37fd,gaming,Randommaggy,1,childhood,Nostalgic,AESTHETIC,NOSTALGIA,0.24444444444444446,"Now I have a powerful android phone that can easily run 80% of my steam back catalogue and all the games I've dumped from my childhood consoles.

"
205a06fd-98de-4976-b16d-b7420cdd792d,gaming,Nexii801,1,mtx,Microtransactions,MECHANIC,WISHLIST,0.225,"Pretty much then we got mtx and ""energy"" ""give us money please"" half-games."
302968d5-5cd1-4cdb-b311-0ad1f3d19e6d,gaming,culminacio,1,unplayable,Bugs,TECH,OPINION,-0.02424242424242426,"i had played through the main story when it was new (unplayable on console, but it was possible on pc, with a lot of bugs)."
ef9648d0-8874-464b-a0b7-840fa1c2708c,gaming,wsteelerfan7,1,ps5,Console,TECH,NOSTALGIA,0.0625,"I have a PC to play all the normal games I like, but CFB/NCAA was my favorite game growing up and I finally pulled the trigger after a bonus from work for a ps5 and CFB 26."
745c58c4-b78f-4059-bceb-fe51db0d88f6,gaming,ZaDu25,1,performance,Optimization,TECH,OPINION,0.15000000000000002,"No game offers you the ability to enter every building and there's a reason for that, that's a ton of assets that need to be rendered which impacts performance."
745c58c4-b78f-4059-bceb-fe51db0d88f6,gaming,ZaDu25,1,realistic,Low Fantasy,AESTHETIC,OPINION,-0.24166666666666667,It's not realistic to expect that in a game with no loading screens.
9f8fa331-a53a-4f2f-8d0e-17b43e3b1b78,gaming,Sawoodster,1,ps5,Console,TECH,OPINION,0.0, Initially bought my ps5 to play Hogwarts Legacy.
ebd1a697-19c0-471e-b476-fb962b64ec59,gaming,Darkchamber292,1,buying power,Pay-to-Win,MECHANIC,OPINION,0.20833333333333334,"Exactly and also due inflation increasing and peoples buying power decreasing over time, people go from being able to buy 4 $70 games each year to 3 then just 1-2 $70 games per year. 

"
89ca286b-ab69-4f71-ba08-2cd8246857ec,gaming,bombocladius,1,steam,PC,TECH,OPINION,0.3,"I own as just of now 888 games on steam, and still like to play various games."
bd741833-1e7c-41d0-aa9b-b75ea333b77b,gaming,CactusCustard,1,old school,Nostalgic,AESTHETIC,OPINION,0.1,How is that old school?
9d5bb49f-bf00-4634-b334-f75079365e2f,gaming,spytez,1,Skyrim,the-elder-scrolls-v-skyrim,GAME,OPINION,0.0,I bought a 360 and a TV  to play Skyrim.  
9d5bb49f-bf00-4634-b334-f75079365e2f,gaming,spytez,1,Skyrim,the-elder-scrolls-v-skyrim,GAME,PAIN_POINT,-0.10000000000000003,I loved oblivion but I hated Skyrim.  
37959787-9f0a-450f-99f6-aeea62991dbb,gaming,enadiz_reccos,1,realistic,Low Fantasy,AESTHETIC,OPINION,-0.25555555555555554,"My only realistic hope is that GTA VI's singleplayer can at least match RDR2's, but I'm afraid it will just be a big focus on multiplayer and online crap."
e7a8ab54-1edc-4d93-b123-dbd338c4c4a0,gaming,nikolapc,1,realistic,Low Fantasy,AESTHETIC,OPINION,0.16666666666666666,"Seems like people don't like the realistic stuff despite complaining, and the Fallout stuff is making bank.
"
e984978a-46e4-4266-a8a7-2209c7f0dce3,gaming,Macqt,1,steam,PC,TECH,WISHLIST,0.0,If only they‚Äôd support TD2 on steam deck.
896a414e-df19-4ca7-8c85-d72e643a6cbc,gaming,jherrm17,1,performance,Optimization,TECH,OPINION,-0.18333333333333335,I wouldn‚Äôt blame Microsoft for the performance of CoD. The game is stale and they went full Fortnite with micros and cosmetics.
896a414e-df19-4ca7-8c85-d72e643a6cbc,gaming,jherrm17,1,grounded,Low Fantasy,AESTHETIC,OPINION,0.15,People seem to want a ‚Äòrelatively‚Äô grounded fps hence the success of battlefield
a09c3ffd-b9cd-4004-9e4a-3760daab175f,gaming,BactaBobomb,1,PC,PC,TECH,OPINION,-0.2,"The game is constantly in discussion when it comes to PS games that need to come to PC, people have been pining for an updated version on PS5 for years, etc etc.  "
75470122-e841-4cec-9107-82965a6b7a0c,gaming,cr0wsky,1,turn based,Turn-based,MECHANIC,OPINION,0.25,Baldur's Gate 3 without turn based combat and in first person view.¬†
1f0e28c3-08b4-4cf7-8eb5-8f64cc00934a,gaming,WingerRules,1,broken,Bugs,TECH,WISHLIST,-0.4000000000000001,"I wish state AGs would go after game devs for false advertising for bullshit trailers, feature promises, and knowingly selling broken products."
43b4a15d-d2eb-4124-9afd-772c073c3555,gaming,Annonimbus,1,broken,Bugs,TECH,PAIN_POINT,-0.4,"Imagine you paid thousands of dollars for star citizen in 2012, expecting it to release in 2014 as announced and promised just to die while the game is still in alpha and broken with basically none of the promised content in 2026."
c808d5c0-2cc3-40bf-881a-f6bcf31d9080,gaming,illarionds,1,exploration,Open World,MECHANIC,OPINION,-0.2625,"No man's sky, or some other space exploration game."
d44d7e55-335a-49fa-95db-461222887170,gaming,TappedIn2111,1,60fps,Framerate,TECH,OPINION,0.0,"Maybe on consoles only?

Edit: It did get a 4K upgrade in 2021 and a 60fps upgrade for ps5 end of last year."
d44d7e55-335a-49fa-95db-461222887170,gaming,TappedIn2111,1,ps5,Console,TECH,OPINION,0.0,"Maybe on consoles only?

Edit: It did get a 4K upgrade in 2021 and a 60fps upgrade for ps5 end of last year."
9f2eb6b3-67cd-4976-b32d-787a1b4cc391,gaming,The-White-Dot,1,turn based,Turn-based,MECHANIC,OPINION,-0.4,but it's a turn based strategy game like Xcom.
86a0f0cf-4799-4815-869d-510c01f942b6,gaming,BrodyCanuck,1,realistic,Low Fantasy,AESTHETIC,OPINION,-0.08333333333333334,Any of of those games are weird when they‚Äôre trying to look realistic but a hp bar pops up above someone‚Äôs head instantly makes me lose interest
4048986e-6c93-4063-8c0a-71b4d79fc67d,gaming,dylan6091,1,Parry,Parry,MECHANIC,OPINION,-0.07777777777777779,"Parry enough enemies and the mob breaks apart, and that's your time to cut them all down."
101b25b9-aa57-409e-8e07-8fd0d61ed871,lotr,DarkSkiesGreyWaters,1,magical,High Fantasy,AESTHETIC,OPINION,0.2611111111111111,"But some of its plotting comes across as silly/overly video gamey (magical mithril, magic sword key, Gandalf's name quest with Tom Yodabil Ollivander) and they need to tighten up their focus on plot development/character consistency - Season 2 in particular really evoked later-season GOT with way, way too much time and distance hopping."
1671fc39-6ef9-4d43-9fa9-ef73f563cdd5,lotr,Captain__Campion,1,historical,Low Fantasy,AESTHETIC,OPINION,0.0075,"It is quite lore-accurate, and also it‚Äôs just a very dry list of events of the Appendix A with a Bernard-Cornwellish use of the minor historical character as the main plot device."
22fc61d3-b4c4-4294-bc41-30363a576270,tolkienfans,starkraver,1,historical,Low Fantasy,AESTHETIC,OPINION,0.15,"As a result, the published Silmarillion didn't have the same lush prose of nature, which was beautiful but sometimes a slog - as we see in LOTR, but was instead heavy with historical narrative."
24e7e247-a2f0-4162-8288-ab7113a13d45,lotr,Fickle_Team,1,glitch,Bugs,TECH,PAIN_POINT,-0.025446428571428578,Was a little glitchy at times (I remember a glitch happening that made me restart my whole game right before the end).
270580f4-81be-4cc6-b953-922989c7aef4,gaming,Semour9,1,broken,Bugs,TECH,PAIN_POINT,-0.4,The game has been in a consistently broken state for years now and the devs don‚Äôt know what they‚Äôre doing
28fb1fd3-1efd-4e13-9751-7f6f9855c045,lotr,neverbeenstardust,1,Rohan,the-lord-of-the-rings-online-riders-of-rohan,GAME,OPINION,0.2611111111111111,"Again, shots of civilians cowering in fear is more useful for a film to establish that this battle is important than sitting everyone down and explaining the geopolitical ramifications of the Gap of Rohan and the Oath of √âorl etc etc."
33b58940-abf6-4c98-bb9e-7dce91b9630f,lotr,Jesse-359,1,mirkwood,the-lord-of-the-rings-online-siege-of-mirkwood,GAME,OPINION,0.0,"If you want your terror livened with silliness, there's the trolls, or the spider encounter in mirkwood - but not the goblin caves."
34d51b9d-66ff-4cd2-a122-38ef2ba0aaf7,lotr,Amos44_4,1,magical,High Fantasy,AESTHETIC,OPINION,0.375,"I was mesmerized during the scene where Perin first re-discovers magical forging.

"
4e83332b-c517-4265-9bdb-c899f13b25b2,tolkienfans,bl1y,1,Rohan,the-lord-of-the-rings-online-riders-of-rohan,GAME,OPINION,0.2708333333333333,"Gandalf knows there's no other passes until the gap of Rohan, and Gandalf is even more aware of the news he gave to Aragorn."
3816d612-186d-4731-a7ce-004d4dea81b8,gaming,ClassicHando,1,Crafting,Crafting,MECHANIC,OPINION,0.0,Crafting mechanics in games not about crafting.
5ad20d77-716a-4074-9473-5b1065d79b42,tolkienfans,scumerage,1,gritty,Grimdark,AESTHETIC,OPINION,0.13,"I linked my reply to him on Martin, essentially, Martin's dark and gritty story undermines the Recovery by breaking that fresh innocent perspective."
5e0c216b-ddf6-47c7-ae09-bc8ff04bb540,gaming,Sulinia,1,steam,PC,TECH,OPINION,0.05555555555555555,"It's not like Valve/steam/Gaben aggressively shoehorned everybody into using their services/platforms, they just managed to create a platform back when nobody else did and they have since then just managed to actually make a decent one."
6a9d79ea-813f-4988-b87f-e5f8d54980c9,tolkienfans,Steuard,1,crash,Bugs,TECH,OPINION,0.0,Christopher Tolkien's solution to that was to write an introduction to the book with a crash course summary of the context.
468c7b09-f33c-4caf-956e-478477a5a90d,lotr,MooreAveDad,1,artistic,Stylized,AESTHETIC,OPINION,0.2569444444444445,"It‚Äôs simply hard to imagine why anyone might argue that having a more complete and comprehensive understanding of the stories and characters, free of one director‚Äôs artistic interpretation, isn‚Äôt somehow better, (however well done his movies may be). 

"
51b43850-7478-450a-a130-6b30acc6f043,lotr,dsbewen,1,LotrO,the-lord-of-the-rings-online,GAME,OPINION,0.125,"LotrO has fleshed out the landscape and lore in such incredible detail, I just can't see another game affording the time, labour and resources to create from scratch an alternative set of lore to fill in all the blank spots on the map, so to speak."
51b43850-7478-450a-a130-6b30acc6f043,lotr,dsbewen,1,LotrO,the-lord-of-the-rings-online,GAME,OPINION,0.020000000000000007,It's difficult to believe a developer is going to put as much attention to detail with as much passion and care as those who have developed LotrO for nearly 18 years.
567bc7c3-5e1b-44be-b99d-a70b9516dcba,lotr,C4LLM3M4TT_13,1,comfy,Cozy,AESTHETIC,OPINION,-0.15555555555555559,"I prefer sitting (or reclining) in it over laying down, it‚Äôs that comfy."
9c29dff1-3231-4878-855b-bf466f585dd3,gaming,ICLazeru,1,steam,PC,TECH,OPINION,0.27638888888888885,"No other launcher or distribution environments runs as quickly and easily as steam does.

"
a471d4e8-f888-4fe8-a4ab-69002ee5b267,gaming,DatTF2,1,Skyrim,the-elder-scrolls-v-skyrim,GAME,OPINION,0.0,Technically the Bethesda that made Skyrim/Fallout 4 didn't work on Fallout 76.
a471d4e8-f888-4fe8-a4ab-69002ee5b267,gaming,DatTF2,1,abilities,Skill Tree,MECHANIC,OPINION,-0.275,"Whole thing about that game was fucked, they were forced to use The Creation Engine which had no networking abilities and is already held together by duct tape.

"
7223b6b9-c878-4b55-ba7b-ca1b8c06b0f7,tolkienfans,scumerage,1,realistic,Low Fantasy,AESTHETIC,OPINION,0.04404761904761905,"Half of King Arthur doesn't even have magic in it but is just knights fighting each other with purely realistic and practical social, political, and military conflict.

"
7e527c5d-90ad-4449-aa17-d2ab8901aff4,lotr,EricBelov1,1,performance,Optimization,TECH,OPINION,0.8,"I have Legolas performance from the book, he‚Äôs a great elven archer"
b836ae67-9ca9-4afe-a280-aa6e0cf78bd6,lotr,Honka_Ponka,1,realistic,Low Fantasy,AESTHETIC,OPINION,0.21666666666666667,It's very realistic that combat wouldn't evolve in this time frame.
d1ba7e2e-4f7b-468d-8b56-528522cc862b,gaming,EngagedInConvexation,1,PC,PC,TECH,HYPE,0.10833333333333332,"Saros is up there too despite having to wait for the PC release next year (fingers crossed), but I can't wait to see it in full release action for a few minutes before going radio silent and spoiler free for what will feel like an eternity.

"
d95ebc96-266d-4862-a608-1c529323ad1d,lotr,cybertoothe,1,Rohan,the-lord-of-the-rings-online-riders-of-rohan,GAME,OPINION,0.0,"He betrayed Rohan after they gave him the keys of Orthanc.

"
ea089767-27f7-4795-af13-2c9e16406575,gaming,afops,1,Crafting,Crafting,MECHANIC,OPINION,0.0,For anything RPG-ish:  Crafting.
ee28f005-8c53-4b36-b4ee-87664e978b20,lotr,Rom2814,1,rolling,Dodge,MECHANIC,OPINION,-0.46,"(Beyond the lore issues, it also is poorly written, the characters are eye rolling, the pacing is very poor, etc. - but some can overlook those things and just go with it; I can do that in some contexts, but not with something like this.)"
f1538695-1ebf-4023-8261-ccc8ff4a81a8,lotr,dunc2001,1,artistic,Stylized,AESTHETIC,OPINION,0.17708333333333331,The original trilogy was a massive artistic and financial risk.
f15539fd-5808-478b-8b71-8b7c4e440682,gaming,SushiJaguar,1,magical,High Fantasy,AESTHETIC,OPINION,0.11626984126984127,"There were tons of characters with huge amounts of variett and only a few were direct League/DoTA ripoffs (Gaslight Joker was just Pudge, right down to the build split between aoe magical or auto-attack/ult physical). 

"
f3f43821-1454-42a7-a57c-9f41e6f2d476,lotr,Awesome_Lard,1,ethereal,High Fantasy,AESTHETIC,OPINION,0.08833333333333333,"They only have rights to one Galadriel, the one in the Fellowship of the Ring, and so any portrayal of Galadriel as anything other than an ethereal powerful elven queen must not not drift too close to the strong headed warrior of previous ages.

"
1b30f943-ca79-4c23-8249-c20fc74591da,lotr,Chen_Geller,0,Rohan,the-lord-of-the-rings-online-riders-of-rohan,GAME,OPINION,0.25,"We also get a more organic introduction to any number of characters or groups of characters: Rohan, the Dwarves, some members of the Fellowship, members of the White council: Saruman's betrayal was just an idle fact in 2001."
2d0059ad-153e-46d3-b305-5d66464b4f3e,gaming,Fugaciouslee,0,runs well,Optimization,TECH,OPINION,0.55,"I've enjoyed it, the graphics are nice and it runs well."
e67c940f-80e3-4776-ba8c-c39a49494a15,gaming,eeyore134,0,PC,PC,TECH,OPINION,0.175,And what is your excuse for them holding back the PC version that everyone with a PC would rather have just to make sure they buy their console copies first?
e67c940f-80e3-4776-ba8c-c39a49494a15,gaming,eeyore134,0,PC,PC,TECH,OPINION,0.175,And what is your excuse for them holding back the PC version that everyone with a PC would rather have just to make sure they buy their console copies first?
c3962b28-b682-469d-8268-17163c72510d,lotr,Chen_Geller,0,Rohan,the-lord-of-the-rings-online-riders-of-rohan,GAME,OPINION,0.1625,"* It was the first time we focused on one race (Men) and one group of people (Rohirrim) in one part of Middle-earth (Rohan) with no Dark Lords, no Hobbits, no quests, etc...
*"
417db668-e5bc-4e54-b905-03307d45efaa,lotr,cybertoothe,0,Rohan,the-lord-of-the-rings-online-riders-of-rohan,GAME,OPINION,0.10714285714285714,"And her fighting is almost certainly an impossibility, Tolkien would not overlook that, especially when he's talked about the fighting women of Rohan before."
417db668-e5bc-4e54-b905-03307d45efaa,lotr,cybertoothe,0,Rohan,the-lord-of-the-rings-online-riders-of-rohan,GAME,OPINION,0.0,&gt;What does it matter if there's one rogue group of Haradrim helping the enemies of Rohan?
417db668-e5bc-4e54-b905-03307d45efaa,lotr,cybertoothe,0,Rohan,the-lord-of-the-rings-online-riders-of-rohan,GAME,OPINION,0.4,I doubt there was Mumakil on boats being sent to Rohan or crossing Gondor freely to enter Rohan.
417db668-e5bc-4e54-b905-03307d45efaa,lotr,cybertoothe,0,Rohan,the-lord-of-the-rings-online-riders-of-rohan,GAME,OPINION,0.4,I doubt there was Mumakil on boats being sent to Rohan or crossing Gondor freely to enter Rohan.
8fbd1f43-d7ac-4a56-be3e-7d9e5ae06c2b,gaming,Ebolatastic,0,hidden,Stealth,MECHANIC,OPINION,-0.15238095238095242,"It isn't but the game has a ton of free skins that can be mixed/dyed/etc.  

Complaints about the cosmetics in that game are silly, the shop menu is like hidden away while the game has a megafuckton of free stuff."
aeb72a82-de60-4af3-a405-2c669b45000c,lotr,dunc2001,0,performance,Optimization,TECH,OPINION,0.14285714285714285,The faces are waxy and not quite right and the physical performance of the actors doesn't match up with the age their characters are supposed to be.
aeb72a82-de60-4af3-a405-2c669b45000c,lotr,dunc2001,0,performance,Optimization,TECH,OPINION,0.005681818181818177,But I think the performance of other superhero movies (e.g. new Superman movie) does affect Batman 2 to a degree.
2add5184-6b67-4723-8c3c-ef2b59d4d431,gaming,HaMMeReD,0,steam,PC,TECH,OPINION,0.1875,"If steam stopped existing today, the gamers would go elsewhere, to other stores that let them keep more money."
2add5184-6b67-4723-8c3c-ef2b59d4d431,gaming,HaMMeReD,0,steam,PC,TECH,OPINION,0.5,"I.e. the ecosystem would be healthier, and more competitive without steam in the picture."
2add5184-6b67-4723-8c3c-ef2b59d4d431,gaming,HaMMeReD,0,steam,PC,TECH,OPINION,0.5,"Having to use steam because that's where all the customers are isn't a benefit to a publisher, it just gives steam the power to take more money (and buy gabe more yachts)."
2add5184-6b67-4723-8c3c-ef2b59d4d431,gaming,HaMMeReD,0,steam,PC,TECH,OPINION,0.5,"Having to use steam because that's where all the customers are isn't a benefit to a publisher, it just gives steam the power to take more money (and buy gabe more yachts)."
3da3e73c-13ab-45ff-af33-fdf25b68fefd,gaming,ShinyHardcore,0,steam,PC,TECH,OPINION,-0.125,It will be a Xbox console that has access to steam and other platforms.
8dbc8ecd-c0a2-47e8-9d8e-4880d8f86df6,lotr,Crawford470,0,magical,High Fantasy,AESTHETIC,OPINION,0.375,First Age Sauron beat Finrod in a magical battle of Song.
82427be7-ea12-4e93-98aa-4371a93b9de1,tolkienfans,DasKapitalist,0,childhood,Nostalgic,AESTHETIC,NOSTALGIA,0.5,"Prior to those marvelous inventions, childhood mortality rates before the fifth birthday were 40%.  "
25b900ca-6111-4aa3-b062-2c29e1ee4d87,gaming,stupidintheface0,0,buggy,Bugs,TECH,PAIN_POINT,-0.06666666666666667,"Yeah I work at an indie studio that released an early access, just to get Mostly Negative with the majority of reviews being ""game is buggy"" or ""game is unfinished"" lmao."
4c0f4150-09b1-454a-97f3-ead6fcc70e73,gaming,Clewin,0,glitch,Bugs,TECH,PAIN_POINT,-0.041666666666666664,"My personal favorite was finding the Wizardry: Proving Grounds of the Mad Overlord Bishop identify glitch, where if you identify item 0 you'd get a ton of experience."
a77d56bb-f809-4175-a9bd-790a9b5f205e,tolkienfans,ImSoLawst,0,wrath,world-of-warcraft-wrath-of-the-lich-king,GAME,OPINION,-0.009226190476190462,"Even if his lesser children were not in his weight class, the implication is that the war of wrath required actual Valar assistance, because there is nothing special about the Vanyar that would mean they were more dangerous than battle hardened noldor. 

"
a77d56bb-f809-4175-a9bd-790a9b5f205e,tolkienfans,ImSoLawst,0,wrath,world-of-warcraft-wrath-of-the-lich-king,GAME,OPINION,-0.19077380952380954,"IMO, the dragons represent the idea that the war of wrath was hard fought, they are a single narrative event that sort of encapsulates the idea that, even weakened by the noldor and his own divestment, Morgoth took on the combined hosts of Valinor and Beleriand for 50 years and even at the end of it had terrifying weapons to fight with."
7a846c9c-aab7-4b0e-81ef-2e5a1644a163,tolkienfans,JosefKWriter,0,magical,High Fantasy,AESTHETIC,OPINION,0.45,But the descriptions are fantastic and make it seem magical.
2b44bd98-ad0b-4731-bf6f-1af9f5290236,gaming,Bastard_of_Brunswick,0,Console,Console,TECH,OPINION,0.06666666666666667,"Now they only have shitty selections of mouse and keyboards and mousepads and not much else that's useful to PC gamer, just merchandise and Console stuff."
257cd86e-1b60-4400-a8ae-c8cc35833958,gaming,JBWalker1,0,steam,PC,TECH,OPINION,0.29,"There will be many cases where steam has made more from small-medium games than the devs themselves if the development cost was high enough.

"
d6a68a55-c027-41fb-b4f3-3d71c19a6eed,lotr,cybertoothe,0,Rohan,the-lord-of-the-rings-online-riders-of-rohan,GAME,OPINION,0.0,Haradrim in Rohan?
47668228-33b2-4409-8c36-2c712bc33a11,gaming,montybo2,0,30fps,Framerate,TECH,OPINION,0.09,"So many folks here are wild dunking on the 30fps for a high fidelity game.   
  
"
cd2b9095-b20a-46d6-97b8-3aabc1946c92,gaming,balllzak,0,retro,Nostalgic,AESTHETIC,NOSTALGIA,0.033333333333333326,But then I got trapped by the nostalgia and starting thinking about why the retro games were so fun.
1343a8d5-3d2d-450e-8f03-b80a01da0a3c,lotr,transient-spirit,0,Skyrim,the-elder-scrolls-v-skyrim,GAME,OPINION,-0.2,"Ever since I played Skyrim (the only Elder Scrolls game I've played), I've wished we had a game like that for Middle Earth."
1d9a0b3d-69e9-499f-879e-747aaa15c209,lotr,Killarogue,0,abilities,Skill Tree,MECHANIC,OPINION,0.6,"It will need to use some RPG elements, each character gets their own pros/cons, skill tree, gear, abilities and level.

"
13ebda18-b2d8-4830-8a59-9d64f650873b,gaming,Zoombini22,0,PC,PC,TECH,OPINION,-0.6,PS5 was not considered cutting edge in any way in the world of PC graphics when it released.
13ebda18-b2d8-4830-8a59-9d64f650873b,gaming,Zoombini22,0,Steam Deck,Steam Deck,TECH,OPINION,0.375,"And for the record, Switch 2 is a significant advancement over the Steam Deck."
13ebda18-b2d8-4830-8a59-9d64f650873b,gaming,Zoombini22,0,performance,Optimization,TECH,OPINION,0.16666666666666666,Similar or slightly lesser CPU but notably better GPU performance.
31188f5c-a567-4cc2-8b87-bccaf1504cfe,gaming,JustPlayDaGame,0,exploration,Open World,MECHANIC,OPINION,-0.325,They don‚Äôt think for 2 seconds about the game design of it and if they had infinite durability it would make looting and exploration completely pointless.
bc804c6c-6544-4acd-8a35-b574da0c18f4,gaming,TransAnge,0,60fps,Framerate,TECH,OPINION,-0.16666666666666666,"Half the comments want a 60fps remaster. 

"
0f019187-10ec-4643-9e57-540695febe82,tolkienfans,mggirard13,0,Wrath,world-of-warcraft-wrath-of-the-lich-king,GAME,OPINION,0.07999999999999999,"Men never come to know the Valar directly.
&gt;&gt;
&gt;&gt;The Valar do an incomplete job in the War of Wrath, leaving behind many orcs, Sauron, and at least one Balrog and many Dragons."
0f019187-10ec-4643-9e57-540695febe82,tolkienfans,mggirard13,0,Wrath,world-of-warcraft-wrath-of-the-lich-king,GAME,OPINION,0.0,"This is not an evidentiary argument. 

&gt;&gt;The Valar leave Elves and Men to themselves to suffer catastrophic defeat at the hands of Morgoth.

&gt;The War of Wrath was considered to be well timed in a text from Morgoth's Ring, minimizing damage to the continent of Middle-earth."
0f019187-10ec-4643-9e57-540695febe82,tolkienfans,mggirard13,0,Wrath,world-of-warcraft-wrath-of-the-lich-king,GAME,OPINION,0.0,The War of Wrath is itself a demonstration of the fallibility of the Valar.
8b2d920f-9c14-4910-81f8-6f3a4078e35d,lotr,Yider,0,magical,High Fantasy,AESTHETIC,OPINION,0.14166666666666666,"Speaking of real damage, when he came back as the white wizard, his physical form was practically immune to physical damage as were many other divine or magical beings, much like the witch king."
8b2d920f-9c14-4910-81f8-6f3a4078e35d,lotr,Yider,0,magical,High Fantasy,AESTHETIC,OPINION,0.1875,"The fight with the balrog, though magical at first, also was a massive physical combat against a humanoid creature and not that 30 foot tall movie adaption."
8b2d920f-9c14-4910-81f8-6f3a4078e35d,lotr,Yider,0,magical,High Fantasy,AESTHETIC,OPINION,0.5,It wasn‚Äôt just their magical nature to ward off the darkness aura that creatures like balrogs give off.
937136b3-b47c-449d-bdd6-4c6d90ebb459,gaming,Robobvious,0,parrying,Parry,MECHANIC,OPINION,-0.34375,"It was a little too geared towards kids, and the parrying just felt wrong to me."
9dbf9254-6021-4e41-ae3b-040b89cc6280,lotr,DrunkenSeaBass,0,moria,the-lord-of-the-rings-online-mines-of-moria,GAME,OPINION,-0.30833333333333335,Return to moria is a very bland survival crafting game.
d52899bb-9812-412b-88b4-78dfc17b0499,gaming,odieman1231,0,old school,Nostalgic,AESTHETIC,OPINION,0.22499999999999998,"And, like some comments have already shown, some old school games and accomplishments are cool to see."
5fffbde8-fe20-4f3a-8bf1-8546176270e4,gaming,OldWorldDesign,0,steam,PC,TECH,OPINION,0.0,"&gt; There's also possibly some cost in maintaining the steam page

How so?"
b5b1010e-22a8-4cda-a5f8-0b314fa9e67b,gaming,Vaperius,0,PC,PC,TECH,OPINION,0.18333333333333335,"Someone, somewhere, has a gaming PC from the early 2000s they want to just be rid of already, almost certainly; plus you can just find an old office computer from roughly the right era  on auction that might be able to run it."
eb366a15-baf2-41cc-811c-4ccde55b01c9,gaming,PogTuber,0,sandbox,Open World,MECHANIC,OPINION,0.36818181818181817,"Honestly I like the story episodes too, they give you some direction and teach you some of the new things before going into sandbox. 

"
5c510d35-271b-450d-9b45-b011eac2bae0,gaming,ImpulsiveApe07,0,Parry,Parry,MECHANIC,OPINION,0.0,"*Parry, slash, dodge, parry, slash, dodge* - that's it - 
"
5c510d35-271b-450d-9b45-b011eac2bae0,gaming,ImpulsiveApe07,0,horse riding,Mounts,MECHANIC,OPINION,-0.146875,"**That's basically most of the game** aside from horse riding and the silly little asides like the charm collections and armour upgrades etc.


"
ad151897-ddad-45ed-8ce6-103681955076,gaming,AssignmentWeary1291,0,steam,PC,TECH,OPINION,0.0,"Set windows to auto login, set steam to launch in big picture mode with windows, and turn on your controller."
b67fd000-e49a-4121-a5e0-0f25c79cf123,gaming,AssignmentWeary1291,0,Console,Console,TECH,OPINION,0.0,"Console sales never mattered, it's always been software sales."
218363a7-4df6-4113-a122-bb7ec197c533,gaming,justifications,0,performance,Optimization,TECH,OPINION,0.05000000000000002,"Nanite and lumen save developers from headache, and general population consumers literally assume that Nanite and lumen are the problem with respect to performance."
218363a7-4df6-4113-a122-bb7ec197c533,gaming,justifications,0,performance,Optimization,TECH,OPINION,0.0,"I'm a developer here to tell you that Nanite and lumen are processes which are saving developers from crunch while also making games gain performance. 

"
218363a7-4df6-4113-a122-bb7ec197c533,gaming,justifications,0,performance,Optimization,TECH,OPINION,0.5,"The more Nanite you have, the better Nanite performance you get."
9d3fba5b-a84c-4a39-9992-45107c8f9726,Rings_Of_Power,DumpdaTrumpet,0,Mirkwood,the-lord-of-the-rings-online-siege-of-mirkwood,GAME,OPINION,-0.15,"Even during the late Third Age of LOTR, we know that Mirkwood had thousands of elves as they had thousands participating in the Battle of Five Armies in the Hobbit.

"
2d5a9d29-ed12-43c4-ab31-dad28a365e58,gaming,kurisu_1974,0,8-bit,Pixel Art,AESTHETIC,OPINION,-0.22694444444444445,"Very long ago it was probably Activision (when they made 8-bit games), Then Konami and LucasArts... these days it's a tough call."
4a68f79c-bcee-40e0-9468-9ed3c59c33e1,gaming,james-HIMself,0,glitch,Bugs,TECH,PAIN_POINT,-0.2,"Years later I play the game again on PS5, same fucking glitch even with a different approach."
27a8e4b6-0b0e-4ec6-8ce4-0b7dd4969185,lotro,Taradyne,0,LOTRO,the-lord-of-the-rings-online,GAME,OPINION,0.1968253968253968,"LOTRO devs have done a good job with the raids, especially the older ones; they are similar to WoW in that it takes a large party of players who are paying attention and learning the boss fights when done on level."
27a8e4b6-0b0e-4ec6-8ce4-0b7dd4969185,lotro,Taradyne,0,raids,Endgame,MECHANIC,OPINION,0.1968253968253968,"LOTRO devs have done a good job with the raids, especially the older ones; they are similar to WoW in that it takes a large party of players who are paying attention and learning the boss fights when done on level."
27a8e4b6-0b0e-4ec6-8ce4-0b7dd4969185,lotro,Taradyne,0,LOTRO,the-lord-of-the-rings-online-shadows-of-angmar,GAME,OPINION,0.225,"Also, you can pretty much solo LOTRO"
188333e6-66c0-441f-b566-598330b624e5,Eldenring,BlademasterBanryu,0,parrying,Parry,MECHANIC,OPINION,0.012222222222222212,"Honestly parrying is pretty tough in this game, enough that I consider it a suboptimal strategy."
94d6670b-e645-4296-bb9f-678cb5e1231f,Rings_Of_Power,Tehjaliz,0,magical,High Fantasy,AESTHETIC,OPINION,0.076,"You have for example The Books of Lost Tales that are very early drafts that do not fit the writings anymore (I'm talking about Sauron being a magical cat for example) and are generally to be considered as absolutely not canon.

"
7c76994f-6507-453d-9b8b-a05f70dd5774,Rings_Of_Power,yellow_parenti,0,Rohan,the-lord-of-the-rings-online-riders-of-rohan,GAME,OPINION,-0.225,There's apparently **A** watcher in some random lake in Rohan??¬†
7c76994f-6507-453d-9b8b-a05f70dd5774,Rings_Of_Power,yellow_parenti,0,ROHAN,the-lord-of-the-rings-online-riders-of-rohan,GAME,PAIN_POINT,0.005000000000000009,"""



Gondor is I guess just chilling, even though the entire story of this whole period in the lore is about Gondor and Rohan both being at war and cooperating sO MUCH THAT NOBLES IN GONDOR ONLY SPEAK ROHIRRIC AND NOBLES IN ROHAN HAVE TO LEARN ROHIRRIC BECAUSE THEY GREW UP IN GONDOR-


Philippa Boyens- misfortune be upon her- very clearly still hates Gondor."
f9f840b1-e5cb-4e34-9c63-c0c5b3f99ead,lotr,kippschalter1,0,moria,the-lord-of-the-rings-online-mines-of-moria,GAME,OPINION,0.0,"In moria, they hear the enemy."
3bbb5da7-fcb3-49c9-a92a-6db689ca11d6,gaming,ImpulsiveApe07,0,chill,Cozy,AESTHETIC,OPINION,-0.0125,"Both are oddball little games, with the first one being a procedurally generated cyberpunk detective sim, and the second being a satirical walking sim - lots of weirdly chill vibes in both games! :)"
6c5b0116-4922-484f-9dd5-2304c74295e2,gaming,Brilliant-Ice-4575,0,optimized,Optimization,TECH,OPINION,-0.5,That game is crazy well optimized.
0b6bf90f-f13f-46c8-95ae-517ee3656f4e,gaming,insanekid66,0,LOTRO,the-lord-of-the-rings-online-shadows-of-angmar,GAME,OPINION,0.0,LOTRO.
ce9fad03-10b4-47da-a6ed-53676336bcc7,tolkienfans,ImSoLawst,0,wrath,world-of-warcraft-wrath-of-the-lich-king,GAME,OPINION,-0.11666666666666667,"I have less sympathy for Melkor, what with the descent into utter despotism and genocide, but there are enough parallels and Eru/the valar, to my dismay, kill enough innocents in wrath that his will is disregarded, that it triggers the same bare toothed anger from me."
cb9cb059-b436-4632-ac1d-2eb8bc158b0f,lotro,QuttiDeBachi,0,LOTRO,the-lord-of-the-rings-online-shadows-of-angmar,GAME,OPINION,0.0,"If not, get one and uninstall LOTRO from your HDD.  "
c6cb78f5-da5b-4f72-8d62-16757817245b,Rings_Of_Power,DarkSkiesGreyWaters,0,magical,High Fantasy,AESTHETIC,OPINION,0.11489898989898989,"If they can accept Waifu Shelob, a half-wraith man mind-raping Orcs, Celebrimbor the Ghost trying to make a new Ring, and Isildur being a Nazgul, it makes it hard to buy magical mithril or hot-headed Galadriel are *that* bothersome to them."
0539326a-88ed-4156-849e-77b98eb68a5d,lotro,Loki_Enthusiast,0,Moria,the-lord-of-the-rings-online-mines-of-moria,GAME,OPINION,0.0,"But you can also buy a 32% speed goat for a couple of gold coins almost as soon as you enter Moria.

"
8a85cea7-1400-4dc4-8339-f1d8f5cf8d2e,gaming,Burpmeister,0,performance,Optimization,TECH,OPINION,0.5,Instead of giving us players more performance on games and longer lifetimes for our parts instead it was always going to lead to studios not bothering with optimization to save money and time.
626fe59a-21eb-4631-9e4b-551705074f28,gaming,psychoPiper,0,rolling,Dodge,MECHANIC,OPINION,0.32499999999999996,"Once worldgen v2 is done and the tools are in a good place, they're going to start rolling out an official story mode with quests and such, all built in the very tools we have access to for free. 

"
933b4efb-bf28-40b7-ae35-f0fa63adb183,gaming,Mediadors,0,realistic,Low Fantasy,AESTHETIC,OPINION,0.28888888888888886,You can't really make things more realistic than photorealism.
a04fa3a7-4e9d-44a4-9abb-20cd98ff4776,gaming,sylendar,0,Open World,Open World,MECHANIC,OPINION,0.014999999999999996,"And I'm reminding you they literally did revise their formula when they went for the Open World RPG games because there were people claiming they were tired of the original AC format

If you think they gotta go back to the old ways then just say so."
3df10a68-715e-43d7-b249-97dc7b73901f,Eldenring,BlademasterBanryu,-1,exploration,Open World,MECHANIC,OPINION,0.19999999999999996,"So I'll be brutally honest, I think your enjoyment of this game has been massively hindered by blindly following guides and walkthroughs instead of doing your own exploration and setting your own goals for yourself. 

"
3df10a68-715e-43d7-b249-97dc7b73901f,Eldenring,BlademasterBanryu,-1,exploration,Open World,MECHANIC,OPINION,0.3145454545454546,"Or, if you prefer, you can just start fresh with a new character, having more of a focus on the things you need for your character and just focus more on the exploration and discovery side of things (there should still be plenty of new stuff to discover that you haven't seen or read about yet). 

"
c69a800c-1fd6-411e-8412-540642f2dc84,gaming,prosound2000,-1,Microtransactions,Microtransactions,MECHANIC,OPINION,-0.5,"Microtransactions for example are sadly commonplace.

"
f16bc8e3-1865-438b-8015-8f506de8ceb1,gaming,KAKYBAC,-1,retro,Nostalgic,AESTHETIC,OPINION,0.0,Given the rise of retro gaming since COVID I think they should create the ultimate playstation machine that is physically backwards compatible with ALL of their generations including vita/PSP.
f16bc8e3-1865-438b-8015-8f506de8ceb1,gaming,KAKYBAC,-1,playstation,Console,TECH,OPINION,0.0,Given the rise of retro gaming since COVID I think they should create the ultimate playstation machine that is physically backwards compatible with ALL of their generations including vita/PSP.
f16bc8e3-1865-438b-8015-8f506de8ceb1,gaming,KAKYBAC,-1,old school,Nostalgic,AESTHETIC,OPINION,0.07500000000000001,"In this way they can aim not only for AAA games but they can also officially release old school games with much quicker Dev cycles, and get star names to dev DEMAKE style games similar to the Playdate ecosystem, and modding communities.

"
f979d0c2-9398-4424-bdb4-f817c8e507ac,Eldenring,Ashen_Shroom,-1,wrath,world-of-warcraft-wrath-of-the-lich-king,GAME,OPINION,-0.195,"At the very least, it was present during the time of the Eternal Cities, since they incurred its wrath."
8d8da86d-7f8e-4f7f-9561-a5eb7f82555f,gaming,The_Dick_Slinger,-1,dark fantasy,Grimdark,AESTHETIC,PAIN_POINT,-0.31500000000000006,"Saw the cover and was excited that it might be a bloody, dark fantasy game‚Ä¶ really disappointed that it was the boobs that made it nsfw :/"
071696cd-fff6-44da-8d06-750f81d6a7a6,gaming,monsieurvampy,-1,PC,PC,TECH,OPINION,0.0,Hopefully this doesn't lead to a PC platform for Sony because Steam is King for a reason.
88e0a88d-34d2-49aa-8be8-b6fac3a793c5,gaming,C-A-L-E-V-I-S,-1,optimized,Optimization,TECH,OPINION,-1.0,"It‚Äôs terribly optimized, but rather than push themselves to evolve they settle for where they are cause they know people will gobble it up regardless."
1d8276aa-eeef-484b-b24f-8e6f0166ded9,gaming,SirDavidJames,-1,realistic,Low Fantasy,AESTHETIC,OPINION,-0.08333333333333333,That is obviously not realistic but it is part of the language of video games.
1d8276aa-eeef-484b-b24f-8e6f0166ded9,gaming,SirDavidJames,-1,glitch,Bugs,TECH,PAIN_POINT,-0.4,When I see a character with 3 legs in a video game my brain thinks it is a glitch.
05c54e19-85cf-43a5-86b8-d617661caf1b,gaming,bideodames,-1,drm,Denuvo,TECH,OPINION,-0.2,Buying a game that has drm should be a last resort.
05c54e19-85cf-43a5-86b8-d617661caf1b,gaming,bideodames,-1,drm,Denuvo,TECH,OPINION,0.4,"There are plenty of games that are drm free that I could buy instead.


"
caf86173-b91c-49d7-9901-e1c9aa93a65b,Rings_Of_Power,WhimsicalPacifist,-1,LoTRO,the-lord-of-the-rings-online-shadows-of-angmar,GAME,OPINION,0.0,"I wouldn't hold LoTRO up as a paragon of lore in this regard.¬†


"
3c37261b-2226-4278-a696-ce6edfe9a7f2,tolkienfans,Notworld,-1,artistic,Stylized,AESTHETIC,OPINION,0.020166666666666673,"from wikipedia:   
**Literary fiction**,¬†**mainstream fiction**,¬†**non-genre fiction**,¬†**serious fiction**,[^(\[1\])](https://en.wikipedia.org/wiki/Literary_fiction#cite_note-:04-1)¬†**high literature**,[^(\[2\])](https://en.wikipedia.org/wiki/Literary_fiction#cite_note-:2-2)¬†**artistic literature**,[^(\[2\])](https://en.wikipedia.org/wiki/Literary_fiction#cite_note-:2-2)¬†and sometimes just¬†**literature**,[^(\[2\])](https://en.wikipedia.org/wiki/Literary_fiction#cite_note-:2-2)¬†are labels that, in the book trade, refer to market novels that do not fit neatly into an established genre (see¬†[genre fiction](https://en.wikipedia.org/wiki/Genre_fiction)) or, otherwise, refer to novels that are character-driven rather than plot-driven, examine the¬†[human condition](https://en.wikipedia.org/wiki/Human_condition), use language in an experimental or poetic fashion, or are simply considered serious art.

"
3c37261b-2226-4278-a696-ce6edfe9a7f2,tolkienfans,Notworld,-1,realistic,Low Fantasy,AESTHETIC,OPINION,0.07083333333333333,"As opposed to¬†[genre fiction](https://en.wikipedia.org/wiki/Genre_fiction), literary fiction refers to the realistic fiction of human character, or more broadly, ""all serious prose fiction outside the market genres"","
3c37261b-2226-4278-a696-ce6edfe9a7f2,tolkienfans,Notworld,-1,realistic,Low Fantasy,AESTHETIC,OPINION,0.16666666666666666,"the genres being for example¬†[science fiction](https://en.wikipedia.org/wiki/Science_fiction),¬†[fantasy](https://en.wikipedia.org/wiki/Fantasy),¬†[thrillers](https://en.wikipedia.org/wiki/Thriller_(genre))¬†or¬†[Westerns](https://en.wikipedia.org/wiki/Western_(genre)).[^(\[16\])](https://en.wikipedia.org/wiki/Literary_fiction#cite_note-mainstream1-16)¬†Jeff Prucher defined mainstream literature as ""realistic literature..."
8339ee02-df10-434f-8df6-eea4e4e76280,gaming,HaMMeReD,-1,steam,PC,TECH,OPINION,0.0630952380952381,"If you don't publish to steam you can recoup a large portion of those publisher costs (about 20-25% of them if you go with MS, Epic or other stores)."
8339ee02-df10-434f-8df6-eea4e4e76280,gaming,HaMMeReD,-1,steam,PC,TECH,OPINION,0.024999999999999994,"So the only viable choice is to bump the prices everywhere so every consumer gets fucked equally, although steam presents that as ""giving steam users a fair deal"".

"
8339ee02-df10-434f-8df6-eea4e4e76280,gaming,HaMMeReD,-1,steam,PC,TECH,OPINION,0.024999999999999994,"So the only viable choice is to bump the prices everywhere so every consumer gets fucked equally, although steam presents that as ""giving steam users a fair deal"".

"
8339ee02-df10-434f-8df6-eea4e4e76280,gaming,HaMMeReD,-1,steam,PC,TECH,OPINION,0.1,"Basically, steam imposes tariffs and then presents it as ""user benefit"" but it's really just Gabe's next yacht.

"
8339ee02-df10-434f-8df6-eea4e4e76280,gaming,HaMMeReD,-1,steam,PC,TECH,PAIN_POINT,-0.10000000000000002,"If the stores could compete on price, it's unlikely they'd ""suck"" you'd be saying ""steam sucks, it's 20-30% more than the competition"".

"
5f900da9-d768-41da-bd71-9e88c8fddd10,gaming,aberroco,-1,realistic,Low Fantasy,AESTHETIC,OPINION,0.16666666666666666,"You use plainly realistic visuals, and then the rat's fur is stylized, like it's covered in clay.

"
314a2d1b-41cd-4116-9b25-858d1a8324ff,gaming,__TheWaySheGoes,-1,60fps,Framerate,TECH,OPINION,0.0,You can play 60fps Bloodborne on PC with a simple patch so it‚Äôs doable.
314a2d1b-41cd-4116-9b25-858d1a8324ff,gaming,__TheWaySheGoes,-1,PC,PC,TECH,OPINION,-0.1625,Pretty sad I had to emulate the game on PC to play it and even then I still got double the fps the PS4 release has.
ebdc5edf-91e8-45d8-8cf3-275297763696,lotr,FrankSinatraYodeling,-1,ethereal,High Fantasy,AESTHETIC,OPINION,-0.5,I seem to recall Gandalf describing in detail why the terrifying ethereal form of Glorfindel that the Nazgul see would only serve as a beacon.  
17a867ca-07c4-4e1f-afa1-39e0925228a8,gaming,Cloud_N0ne,-1,PC,PC,TECH,OPINION,0.07777777777777777,"Yes there are still good mobile games today, but Runescape is not a ""mobile game"" as it is a mobile port of a PC game 20 years later, and most mobile games today are absolute low quality slop, complete shovelware. 

&gt;Perfect example of Reddit children just following the hive-mind and not even thinking for themselves

"
2ee3423b-9575-47a2-bf3a-f0f9e72cc6de,lotr,Maximus3311,-1,Skyrim,the-elder-scrolls-v-skyrim,GAME,OPINION,-0.2,"I wouldn't mind a game that's something of a mix of Elden Ring and Skyrim that takes place in the Fourth Age.

"
2ee3423b-9575-47a2-bf3a-f0f9e72cc6de,lotr,Maximus3311,-1,Skyrim,the-elder-scrolls-v-skyrim,GAME,OPINION,0.15,Ideally I'd love an earlier age game (more Skyrim than Elden Ring)
2ee3423b-9575-47a2-bf3a-f0f9e72cc6de,lotr,Maximus3311,-1,Moria,the-lord-of-the-rings-online-mines-of-moria,GAME,OPINION,0.02500000000000001,There's so much to explore (imagine going on a treasure hunt in Moria and finding mithril you can use for crafting or finding ancient elven weapons in ruins).
aa288f75-8ec9-4fed-a302-b79a114d51c5,lotr,InternetDweller95,-1,Rohan,the-lord-of-the-rings-online-riders-of-rohan,GAME,OPINION,0.6,"Tolkien in the text has 13,000 men of Gondor and Rohan defeat this army in a day, no ghost support, because it's not that kind of story."
db3c83b0-d7ed-4b65-a1fb-3d8c796cc2a6,gaming,ActInternational9558,-1,dark fantasy,Grimdark,AESTHETIC,PAIN_POINT,-0.075,Meanwhile they‚Äôll buy whatever copy-paste dark fantasy slop FromSoft puts out next on launch day.¬†
3379e038-4fd4-4b75-8729-ea7a85900e83,gaming,darthmcdarthface,-1,realistic,Low Fantasy,AESTHETIC,OPINION,-0.008333333333333323,I wouldn‚Äôt deny it‚Äôs possible to build your own house with your bare hands but I wouldn‚Äôt act like it‚Äôs a realistic option for a typical person frustrated with the housing market.
cf6b9007-dd26-4de8-b8a6-0502b2aa9dd6,gaming,Intelligent_Flan_178,-2,buggy,Bugs,TECH,PAIN_POINT,-0.22121212121212122,"We saw how that went for Ark survival, they were selling new maps and dlcs before they were done with the game and the game is now ""still unfinished"" with how buggy it is."
f2f25d1f-1ca6-46fc-8237-4755ab45b4c0,lotr,Even_Serve7918,-2,artistic,Stylized,AESTHETIC,NOSTALGIA,-0.031111111111111124,"I understand the concept of artistic license, and I understand different media require changing things a bit, but they don‚Äôt add anything to the story, and bring the story down from a classic masterpiece to a cheesy fantasy. 

"
7bd0f42c-6e8d-406b-9369-29bf3f0decc7,gaming,Capital_Ad3296,-2,old school,Nostalgic,AESTHETIC,OPINION,0.1,"That would go against old school JRPG design philosophy though.

"
38d6b8bb-a096-4f6d-951e-008b9f75aece,gaming,simagus,-2,lootbox,Loot Boxes,MECHANIC,PAIN_POINT,-0.35000000000000003,"For me, quite a lot of RPG's and anything with lootbox mechanics is guaranteed to get boring and repetitive fast."
338461c2-eeca-46a6-82fa-48bc4b3b1f3e,gaming,cubs223425,-2,buggy,Bugs,TECH,PAIN_POINT,-0.175,The 2023 launch was a buggy mess.
25e07586-a502-4161-a416-36e6c07062b9,gaming,cubs223425,-2,buggy,Bugs,TECH,PAIN_POINT,0.1357142857142857,"I think the ""additional insights"" would be mostly focused on the numerous delays and the fact that the game is using an engine designed for racing games, built by a studio that just got gutted in layoffs last year, after releasing Forza Motorsport 2023 after 6 years in development, only for it to be buggy, full of recycled assets, and mostly forgotten within a couple of months.

"
00de4a9b-5907-495e-8b27-fc5cef29d208,lotr,Ringsofpowermemes,-2,Rohan,the-lord-of-the-rings-online-riders-of-rohan,GAME,OPINION,0.0,The War of Rohan?
aa4bd44b-a468-4f82-9602-a54f1bfca813,gaming,Kriznick,-2,optimized,Optimization,TECH,PAIN_POINT,0.0,"By staying with an already optimized build that is already working for switch and steam deck, it would be a shoe in for a release title with whatever they are planning next for hardware"
aa4bd44b-a468-4f82-9602-a54f1bfca813,gaming,Kriznick,-2,steam,PC,TECH,PAIN_POINT,0.0,"By staying with an already optimized build that is already working for switch and steam deck, it would be a shoe in for a release title with whatever they are planning next for hardware"
5c5eba17-2dd2-4c0c-8a36-be542da35666,gaming,markspankity,-3,steam,PC,TECH,OPINION,-0.4,"Plus, if the weapons didn‚Äôt break, you could just spin attack 2 handed weapons and steam roll everything in the game."
9ea09934-7635-46e0-813f-0689c16a2f38,gaming,ListenHereLindah,-3,UE5,Photorealistic,AESTHETIC,OPINION,0.0,And it's not because UE5.
dc06e6cc-0c32-41e9-8541-831fe6c408b2,lotr,PoofaceMckutchin,-3,bleak,Grimdark,AESTHETIC,OPINION,-0.4,"The whole thing is SO, SO bleak."
c1f4bf64-6a09-4f3c-827d-9cc3878a0044,gaming,Cloud_N0ne,-4,gacha,Loot Boxes,MECHANIC,OPINION,0.3352272727272727,How many fucking live service gacha slop games does this company need?!
972ea08e-8315-4516-829c-a42f4795ed6e,gaming,JBWalker1,-4,steam,PC,TECH,OPINION,-0.05000000000000001,"Can't defend that case) 

Actually steam gives a lower cut to the massive companies that sell many millions which makes it even worse because it's the smaller Devs who get the worse end."
66fa8f71-a62b-4be8-9a98-95b0cd88b824,gaming,Glenmarththe3rd,-4,performance,Optimization,TECH,OPINION,0.0,If it‚Äôs not representative of the games performance then it shouldn‚Äôt be shown.
529addba-47df-4e0f-8f4a-bd2ec9cc0911,Rings_Of_Power,Real_Ad_8243,-4,epic fantasy,High Fantasy,AESTHETIC,OPINION,0.29523809523809524,"I'm sure you've got an essay prepped about how Tolkien was trying to create a space for whiteness to exist in the genrenof epic fantasy when he wrote his stories too, right?"
999de789-9b64-433c-b4f8-65ff1e4c86e5,gaming,TheGrayBox,-4,realistic,Low Fantasy,AESTHETIC,OPINION,0.05416666666666667,"People have been asking for Japan as a setting for a long time and they delivered on that well (I lived there, Shadows is the most realistic looking and feeling Japan-based game in existence)

"
999de789-9b64-433c-b4f8-65ff1e4c86e5,gaming,TheGrayBox,-4,free roam,Open World,MECHANIC,OPINION,0.03680555555555556,"All of the complaints I have about the game are down to issues with modern game design, mostly that procedurally generated loot ruins the fun of opening chests in a lot of the free roam.

"
07f22a25-df76-4b1a-b72a-98108facc6cb,lotr,foalythecentaur,-5,BFME,the-lord-of-the-rings-the-battle-for-middle-earth,GAME,OPINION,-0.4,"https://www.moddb.com/mods/battle-for-middle-earth-patch-222/downloads/patch-222

Download the launcher and it will let you choose which BFME game you want to download and which patches to apply."
0cdf6514-38ee-40f5-b0c7-fc534ec25d4a,gaming,Saneless,-5,UE5,Photorealistic,AESTHETIC,WISHLIST,0.25,"Except for some dope who came at me when I said devs should stick to an engine they can actually make work instead of moving on to UE5 and that I wanted stagnation

No, this will be significantly better than if they had moved onto 5"
21d89b47-310b-49eb-b3cf-192421759d87,gaming,TheSpoonyCroy,-5,unplayable,Bugs,TECH,OPINION,-0.0625,"gt;Devs and publishers being short sighted doesn't mean the consumer needs to be happy with an incomplete, or unplayable, game.

"
8bc59510-968c-4002-930f-c85c96db9425,gaming,ListenHereLindah,-5,UE5,Photorealistic,AESTHETIC,OPINION,0.1,They are both UE5 and it has old cod devs.
a8af92f1-2e33-4eb4-b4b7-cfea0873bb1d,gaming,Intelligent_Flan_178,-5,sandbox,Open World,MECHANIC,OPINION,-0.13333333333333333,"you have the story mode and the sandbox survival mode, if you have 210hrs in the game, you've probably been playing the survival, or doing the story non-stop back to back."
43f3e291-e751-4e0a-9f95-24ad4f4462b3,tolkienfans,Traditional-Froyo755,-6,historical,Low Fantasy,AESTHETIC,OPINION,0.22142857142857147,"Essentially, writing a factual historical document and just telling a good engaging story were still completely intertwined back then, so of course they would tell stories of cool stuff like pre-battle speeches."
c08d1580-18a9-4c60-bd8a-a609eacc768a,gaming,cows1100,-6,hidden,Stealth,MECHANIC,OPINION,0.26666666666666666,"The story, side missions, hidden secrets, and character interactions are what make it good."
b5c263bd-db1e-4a91-b922-a3576572ef0f,gaming,JerHat,-9,PC,PC,TECH,OPINION,0.3,"My gaming PC is a couple of years old but is still kind of a beast that I‚Äôve never had a problem running modern games on their highest settings with. 

"
b5c263bd-db1e-4a91-b922-a3576572ef0f,gaming,JerHat,-9,unplayable,Bugs,TECH,OPINION,-0.15833333333333335,"Literally unplayable on my PC, and apparently a ton of other people‚Äôs too."
ed517839-1113-4ea8-a27f-10c857a111cb,gaming,neverendingchalupas,-9,Console,Console,TECH,OPINION,0.0,Console gaming is on the way out.
51fcc78f-6d85-4d47-a5d3-42f73d1d24a8,gaming,codespace,-9,Console,Console,TECH,OPINION,1.850371707708594e-17,Console game developers finally realize there's a huge PC gamer market just begging to give them our money.
14ca84b5-0b17-4557-a9cf-e23787d6fe3a,gaming,ThereAndFapAgain2,-10,30fps,Framerate,TECH,OPINION,0.15625,"When they showed gameplay it was all at 30fps, which is a little concerning for those console users out there and it was using a healthy dose of FSR3 to get there which made the image quality suffer quite a bit."
14ca84b5-0b17-4557-a9cf-e23787d6fe3a,gaming,ThereAndFapAgain2,-10,30fps,Framerate,TECH,OPINION,0.1933333333333333,"Hopefully on PC they have the whole suite of upscalers since FSR4, XeSS or DLSS 4.5 will all clean that up nicely, but if it using that much FSR to get to 30fps that's not great news for console.

"
07e14d23-5bb4-428d-a2cb-65317e21174e,gaming,Preform_Perform,-10,old school,Nostalgic,AESTHETIC,OPINION,-0.05454545454545456,"The problem with this is that it is a new skill in an old school game.

"
01bd1874-18c5-4c4a-b593-267001bd31f4,gaming,Capital_Ad3296,-10,UE5,Photorealistic,AESTHETIC,OPINION,0.48333333333333334,UE5 runs great on older hardware.
01bd1874-18c5-4c4a-b593-267001bd31f4,gaming,Capital_Ad3296,-10,UE5,Photorealistic,AESTHETIC,OPINION,0.5,"FF7 remake if built on UE5 from the beginning would look better and run better on lower hardware than it would on UE4.

"
01bd1874-18c5-4c4a-b593-267001bd31f4,gaming,Capital_Ad3296,-10,UE5,Photorealistic,AESTHETIC,OPINION,0.08888888888888886,"In fact, any UE4 game, if built in UE5 would look better on older hardware."
01bd1874-18c5-4c4a-b593-267001bd31f4,gaming,Capital_Ad3296,-10,UE5,Photorealistic,AESTHETIC,OPINION,0.5,UE5 is just more efficient and modular system.
620f8844-dc7b-49e9-b39a-bf4eb06a8485,Rings_Of_Power,QuoteGiver,-10,childhood,Nostalgic,AESTHETIC,NOSTALGIA,0.2708333333333333,"Yeah, it seems to be targeting an older audience in that way, as compared to the chaste childhood audience of the original Hobbit/LotR stories."
092770a5-fd63-49c5-ac42-cb2c4bbb0890,gaming,GaryTheRetard,-13,exploration,Open World,MECHANIC,OPINION,0.2,"I really hope they innovate the combat and exploration in Witcher 4.

"
f27e0bdd-4551-4e8f-bcee-1f453b10a38f,lotro,Unlucky-Ant-9741,-14,abilities,Skill Tree,MECHANIC,OPINION,0.0,"* Added 25% out-of-combat movement speed and Travel skills to all classes, because why should Hunter and Warden only get these quality of life, convenience abilities?
"
b507eaf3-44a9-41e7-9a21-7bbffbd6868e,gaming,SunGodLuffy6,-18,PC,PC,TECH,OPINION,0.23333333333333336,"Yeah

&gt;I have no idea how GTA VI will impact consoles and gaming PC (when it releases on PC) sales but it will surely have an effect

I imagine it‚Äôs going to be amazing

&gt;The game itself ?"
b507eaf3-44a9-41e7-9a21-7bbffbd6868e,gaming,SunGodLuffy6,-18,PC,PC,TECH,OPINION,0.23333333333333336,"Yeah

&gt;I have no idea how GTA VI will impact consoles and gaming PC (when it releases on PC) sales but it will surely have an effect

I imagine it‚Äôs going to be amazing

&gt;The game itself ?"
ebf4c301-6bc0-4288-9879-2caebb30d3a4,gaming,Intelligent_Flan_178,-21,sandbox,Open World,MECHANIC,OPINION,-0.3466666666666667,"the main game isn't 15$ that's prob like just the survival, cause at least here in Canada, the base game (story and sandbox survival) is 45$ and the dlc is 26$. 

"
bec80892-b910-4dac-976b-d72d8a458c7d,Rings_Of_Power,llaminaria,-24,historical,Low Fantasy,AESTHETIC,NOSTALGIA,0.00833333333333334,"I agree with your statement in general, yet somehow I don't remember seeing people be as viciously protective about canon (or real history) with adaptations of, for example, *A Song of Ice and Fire* franchise, or Jane Austen's works, or multiple shows about Catherine The Great, where they keep adding darker-skinned people to XVIII-th century Russia - to a depiction of real historical events!"
18ee4f47-c1bd-4499-af02-92d69f4f9b07,gaming,TheSpoonyCroy,-24,steam,PC,TECH,OPINION,0.0875,Its sort of the same exact thing where you have gamers angry about video games losing music tracks like with GTA 3 or SA if they own a steam version.
092b880b-b92a-483d-a599-367559a9b85d,gaming,SirDavidJames,-27,glitch,Bugs,TECH,PAIN_POINT,0.0,Character models like this make me things its a glitch.
092b880b-b92a-483d-a599-367559a9b85d,gaming,SirDavidJames,-27,glitch,Bugs,TECH,PAIN_POINT,0.5,It looks more glitch then deliberate.
d6ca6cbe-7d1e-40ff-9f97-e7656578fbd8,gaming,Throwawayeconboi,-32,PC,PC,TECH,OPINION,0.0,Rockstar knows this and after delaying the PC release of GTA 6 will ultimately just release it on Rockstar Launcher.
70840781-46e2-4d9c-82a4-123532ae9e70,gaming,natayaway,-33,performance,Optimization,TECH,OPINION,0.11333333333333331,"Both require a stable internet connection for texture streaming on top of a decent RTX 20-30XX series or equivalent GPU (for frame generation), AND buying it on the ***least popular game client for measurable performance gains*** in order to get acceptable performance."
70840781-46e2-4d9c-82a4-123532ae9e70,gaming,natayaway,-33,performance,Optimization,TECH,OPINION,0.11333333333333331,"Both require a stable internet connection for texture streaming on top of a decent RTX 20-30XX series or equivalent GPU (for frame generation), AND buying it on the ***least popular game client for measurable performance gains*** in order to get acceptable performance."
13bc3f48-57ca-448f-9304-8b6c63d5872a,gaming,Steel_Serpent_Davos,-33,turn based,Turn-based,MECHANIC,OPINION,0.1,Ff10 is an oddly specific game to say when it is just as generic a turn based RPG as you can get lol
a1625c6b-e852-4827-beff-c8add5c13687,gaming,Baelgul,-37,realistic,Low Fantasy,AESTHETIC,OPINION,0.07333333333333332,It‚Äôs more of a comment in this case on how the expanse universe is entirely based on realistic physics (unless they utilize proto molecule) and this game completely ignores that concept
e8c8ff7d-d2ed-4f72-91b3-8414ba2ae21e,gaming,Evilbred,-87,steam,PC,TECH,OPINION,0.15714285714285714,Then steam uses that large margin to have frequent sales.
